headline,url
‘Cornell protects rapists’: Outrage after leniency toward accused comes to light,https://english.elpais.com/usa/2026-10-05/cornell-protects-rapists-outrage-at-the-university-after-leniency-toward-accused-comes-to-light.html
"Checks for voters, Trump’s strategy to turn the midterms around ",https://english.elpais.com/usa/2026-10-06/checks-for-voters-trumps-strategy-to-turn-the-midterms-around.html
Former Trump White House press secretary Karoline Leavitt joins Fox News,https://english.elpais.com/usa/2026-10-05/former-trump-white-house-press-secretary-karoline-leavitt-joins-fox-news.html
Colombia and Ecuador step up hunt for Ecuadorian gang leaders,https://english.elpais.com/international/2026-10-05/colombia-and-ecuador-forge-alliance-to-crack-down-on-ecuadorian-criminals-hiding-across-the-border.html
"Luis Har, former hostage in Gaza: ‘If it had been up to our government, we’d still be there’",https://english.elpais.com/international/2026-10-06/luis-har-former-israeli-hostage-in-gaza-if-it-had-been-only-up-to-our-government-we-would-still-be-there.html
"The Bolsonaro clan: A presidential hopeful, four new parliamentarians and a tangle of internal issues",https://english.elpais.com/international/2026-10-06/the-bolsonaro-clan-a-presidential-hopeful-four-new-parliamentarians-and-a-tangle-of-internal-issues.html
Venezuela confirms it did not seek Nicolás Maduro’s release or request immunity to prevent US trial,https://english.elpais.com/international/2026-10-06/venezuela-confirms-it-did-not-seek-nicolas-maduros-release-or-request-immunity-to-prevent-us-trial.html
"Kaliningrad, the Russian militarized exclave surrounded by NATO that triggered Putin’s nuclear threat",https://english.elpais.com/international/2026-10-05/kaliningrad-the-russian-militarized-exclave-surrounded-by-nato-that-triggered-putins-nuclear-threat.html
Spain calls snap election as housing protests spread nationwide,https://english.elpais.com/international/2026-10-05/spain-calls-snap-election-as-housing-protests-spread-nationwide.html
Mayito Flaco’s hidden past in the US: El Mayo’s son was born near Disneyland and changed his name in Arizona,https://english.elpais.com/international/2026-10-05/mayito-flacos-hidden-past-in-the-us-el-mayos-son-was-born-near-disneyland-and-changed-his-name-in-arizona.html
The most relevant initiatives that will appear on the ballots in November’s midterm elections,https://english.elpais.com/usa/2026-10-05/the-most-relevant-initiatives-that-will-appear-on-the-ballots-in-novembers-midterm-elections.html
What authorities have said about plague alert after death of a laboratory worker in Russia,https://english.elpais.com/international/2026-10-06/what-authorities-have-said-about-plague-alert-after-death-of-a-laboratory-worker-in-russia.html
Cannons and the glow after the crisis: ‘Good things really come from getting through tough times together’,https://english.elpais.com/culture/2026-10-05/cannons-and-the-glow-after-the-crisis-good-things-really-come-from-getting-through-tough-times-together.html
The dark side of Starship’s success: Musk sidelines NASA in his bid to dominate space,https://english.elpais.com/science-tech/2026-10-05/the-dark-side-of-starships-success-musk-sidelines-nasa-in-his-bid-to-dominate-space.html
My North Korean neighbors,https://english.elpais.com/international/2026-10-05/my-north-korean-neighbors.html
Vincent Cassel: ‘There are things that are good for your career and others that you like: always do the latter’,https://english.elpais.com/culture/2026-10-05/vincent-cassel-there-are-things-that-are-good-for-your-career-and-others-that-you-like-always-do-the-latter.html
"The migration routes of pollution: How ozone, Saharan dust and wildfire smoke cross borders",https://english.elpais.com/climate/2026-10-04/the-migration-routes-of-pollution-how-ozone-saharan-dust-and-wildfire-smoke-cross-borders.html
"Victor Glover, Artemis 2 pilot: ‘This race, for us, is not about beating China to the Moon. We will, but this race is to get humans to Mars’",https://english.elpais.com/science-tech/2026-10-03/victor-glover-artemis-2-pilot-this-race-for-us-is-not-about-beating-china-to-the-moon-we-will-but-this-race-is-to-get-humans-to-mars.html
The search for life on Mars begins with ‘Charlie’ in Spain’s Almería desert,https://english.elpais.com/science-tech/2026-10-03/the-search-for-life-on-mars-begins-with-charlie-in-spains-almeria-desert.html
"AI’s top leaders, like children afraid of a bully",https://english.elpais.com/technology/2026-10-03/ais-top-leaders-like-children-afraid-of-a-bully.html
"Brett Christophers, economic geographer: ‘In contemporary capitalism, the right to housing does not exist’",https://english.elpais.com/economy-and-business/2026-10-01/brett-christophers-economic-geographer-in-contemporary-capitalism-the-right-to-housing-does-not-exist.html
"The founders of On, the phenomenon attracting Mbappé and Zendaya",https://english.elpais.com/lifestyle/2026-09-28/the-founders-of-on-the-phenomenon-attracting-kylian-mbappe-and-zendaya-cost-is-not-a-limiting-factor-our-followers-are-willing-to-pay.html
"Trump’s broken promise on crypto: a gold mine for his empire, multimillion-dollar losses for investors",https://english.elpais.com/economy-and-business/2026-09-28/trumps-broken-promise-on-crypto-a-gold-mine-for-his-empire-multimillion-dollar-losses-for-investors.html
The yield on the US 10-year Treasury reached its highest level in two decades. Why should you care?,https://english.elpais.com/economy-and-business/2026-09-30/the-yield-on-the-us-10-year-treasury-reached-its-highest-level-in-two-decades-why-should-you-care.html
Culture refocuses attention on the Palestinian cause: ‘It has always been central to political struggle’,https://english.elpais.com/culture/2026-10-03/culture-refocuses-attention-on-the-palestinian-cause-it-has-always-been-central-to-political-struggle.html
"Tom Cruise vs. the world: Actor faces jokes about his age, his Oscar bid, and his return to the media spotlight",https://english.elpais.com/culture/2026-10-02/tom-cruise-vs-the-world-his-age-his-oscar-bid-and-media-coverage-mocked.html
"Jahel Queralt, essayist: ‘Those who most criticize meritocracy are those who need it the least’",https://english.elpais.com/society/2026-10-02/jahel-queralt-essayist-those-who-most-criticize-meritocracy-are-those-who-need-it-the-least.html
Eric Sadin: ‘AI reeks of death’,https://english.elpais.com/culture/2026-10-01/eric-sadin-ai-reeks-of-death.html
Naomi Lautier: The pure talent of a 14-year-old creator living between autism and the art world ,https://english.elpais.com/culture/2026-09-27/naomi-lautier-the-pure-talent-of-a-14-year-old-creator-living-between-autism-and-the-art-world.html
Turning offices into homes: Manhattan’s solution to its housing crisis... but with some risks,https://english.elpais.com/usa/2026-09-24/turning-offices-into-homes-manhattans-solution-to-its-housing-crisis-but-with-some-risks.html
"The just-world hypothesis and other mental traps that guide us, but that we can avoid",https://english.elpais.com/eps/2026-10-01/the-just-world-hypothesis-and-other-mental-traps-that-guide-us-but-that-we-can-avoid.html
"Johnny Cross, ‘the vegan butcher’: ‘I’ve been in the world 34 years and I’ve never eaten meat or fish, and I’m alive, I’m healthy’",https://english.elpais.com/lifestyle/2026-09-29/johnny-cross-the-vegan-butcher-ive-been-in-the-world-34-years-and-ive-never-eaten-meat-or-fish-and-im-alive-im-healthy.html
"Life and death by email: ‘How do you believe in God, professor?’",https://english.elpais.com/eps/2026-09-29/life-and-death-by-email-how-do-you-believe-in-god-professor.html
"The miracle of ‘Romeo + Juliet’: How Leonardo DiCaprio, Claire Danes and Baz Luhrmann reinvented Shakespeare",https://english.elpais.com/culture/2026-09-24/the-miracle-of-romeo-juliet-how-leonardo-dicaprio-claire-danes-and-baz-luhrmann-reinvented-shakespeare.html
Surviving Hurricane Otis: Mexican director Jorge Michel Grau crafts ambitious film about two sailors who lived to tell the tale,https://english.elpais.com/culture/2026-09-30/surviving-hurricane-otis-mexican-director-jorge-michel-grau-crafts-ambitious-film-about-two-sailors-who-lived-to-tell-the-tale.html
"Lili Reinhart, the actress looking for success away from Hollywood clichés",https://english.elpais.com/culture/2026-10-04/lili-reinhart-the-actress-looking-for-success-away-from-hollywood-cliches.html
Sylvester Stallone: ‘I don’t know what the new masculinities are. It’s in a man’s nature to conquer’,https://english.elpais.com/culture/2026-10-05/sylvester-stallone-i-dont-know-what-the-new-masculinities-are-its-in-a-mans-nature-to-conquer.html
The bursting of the Cristiano Ronaldo bubble,https://english.elpais.com/sports/2026-10-02/the-popping-of-the-cristiano-ronaldo-bubble.html
Charles Spencer: ‘The tragedy of the royal family was not knowing how to embrace the opportunity that my sister Diana represented’ ,https://english.elpais.com/people/2026-09-30/charles-spencer-the-tragedy-of-the-royal-family-was-not-knowing-how-to-embrace-the-opportunity-that-my-sister-diana-represented.html
"Alejandro G. Iñárritu: ‘Tom Cruise loved this film because it freed him from the handsome, strong man that he is’",https://english.elpais.com/culture/2026-10-02/alejandro-g-inarritu-tom-cruise-loved-this-film-because-it-freed-him-from-the-handsome-strong-man-that-he-is.html
‘The truth is Cuba has already fallen’: the United States’ strategy to subdue the island,https://english.elpais.com/international/2026-10-02/the-truth-is-cuba-has-already-fallen-the-united-states-strategy-to-subdue-the-island.html
"Volodymyr Zelenskiy to EL PAÍS, on the new Russian offensive against Kyiv: ‘Putin isn’t afraid of Europeans’",https://english.elpais.com/international/2026-10-02/volodymyr-zelenskiy-to-el-pais-on-the-new-russian-offensive-against-kyiv-putin-isnt-afraid-of-europeans.html
Listen now LOS40 USA,https://los40.us/
EL PAÍS offers free Spanish lessons with Gymglish,https://english.elpais.com/economy-and-business/2021-11-15/el-pais-offers-free-spanish-lessons-with-gymglish.html
Has Trump’s luck run out? Now who will woo the Latino vote...,https://english.elpais.com/opinion/2026-10-03/has-trumps-luck-run-out-now-who-will-woo-the-latino-vote.html
More Republicans warn nominating Ken Paxton was a ‘mistake’ and expect Texas Senate seat to be lost ,https://english.elpais.com/usa/2026-09-29/more-republicans-warn-nominating-ken-paxton-was-a-mistake-and-expect-texas-senate-seat-to-be-lost.html
"Shell companies, Kyrgyz firms, and cryptocurrencies: The Kremlin’s phantom network to evade sanctions",https://english.elpais.com/international/2026-10-03/shell-companies-kyrgyz-firms-and-cryptocurrencies-the-kremlins-phantom-network-to-evade-sanctions.html
Canadians welcome the move toward the EU with pleasure and caution: ‘Something enormous is underway’,https://english.elpais.com/international/2026-09-22/canadians-welcome-the-move-toward-the-eu-with-pleasure-and-caution-something-enormous-is-underway.html
"US Treasury targets ‘Mayito Flaco’ network, including Baja California governor’s ex-husband",https://english.elpais.com/international/2026-09-30/us-treasury-targets-mayito-flaco-network-including-baja-california-governors-ex-husband.html
Two dozen children vs Pablo Escobar’s hippo: The legal battle to get to a Colombian school,https://english.elpais.com/international/2026-09-28/two-dozen-children-vs-pablo-escobars-hippo-the-legal-battle-to-get-to-a-colombian-school.html
From Airbnb to stray cats: Trump’s childhood home in Queens sells for $2 million,https://english.elpais.com/usa/2026-09-21/from-airbnb-to-stray-cats-trumps-childhood-home-in-queens-sells-for-2-million.html
An economic paradox: When savings are both a good and a bad idea,https://english.elpais.com/international/2026-09-09/how-venezuela-pushed-aside-a-local-oil-company-to-make-way-for-new-us-partners-they-simply-took-the-assets-and-disappeared.html
Trump escalates his campaign against Washington’s cultural institutions,https://english.elpais.com/usa/2026-09-17/trump-escalates-his-campaign-against-washingtons-cultural-institutions.html
"Nacho Valle, the gallerist who traded art for sardines in New York",https://english.elpais.com/culture/2026-09-10/nacho-valle-the-gallerist-who-traded-art-for-sardines-in-new-york.html
Feather trapped in dinosaur droppings provides new clues about why some birds survived extinction,https://english.elpais.com/science-tech/2026-09-10/a-feather-trapped-in-dinosaur-droppings-provides-new-clues-about-why-some-birds-survived-extinction.html
"Héctor Socas, astrophysicist: ‘If a more advanced civilization contacted us, they should be more afraid of us than we are of them’",https://english.elpais.com/science-tech/2026-09-09/hector-socas-astrophysicist-if-a-more-advanced-civilization-contacted-us-they-should-be-more-afraid-of-us-than-we-are-of-them.html
The end of the world has yet to reach Spain’s Sol square,https://english.elpais.com/international/2026-10-05/the-end-of-the-world-has-yet-to-reach-spains-sol-square.html
"Maricarmen, elderly woman evicted from home in Spain, becomes a global symbol for housing activists",https://english.elpais.com/spain/2026-09-28/maricarmen-elderly-woman-evicted-from-home-in-spain-becomes-a-global-symbol-for-housing-activists.html
Three of the four Afghans who left the country to play the Chess Olympiad are detained in Kabul and face uncertain fate,https://english.elpais.com/sports/2026-09-29/three-of-the-four-afghans-who-left-the-country-to-play-the-chess-olympiad-are-detained-in-kabul-and-face-uncertain-fate.html
"Zhang Ziyu, the 2.23-meter World Cup sensation",https://english.elpais.com/sports/2026-09-09/zhang-ziyu-the-223-meter-world-cup-sensation.html
